{"cameraMode":{"drawMode":0,"name":"Shaded","section":"Shading Mode"},"sceneLighting":false,"audioPlay":false,"sceneViewState":{"showFog":true,"showMaterialUpdate":false,"showSkybox":false,"showFlares":true,"showImageEffects":true,"showParticleSystems":true},"in2DMode":false,"pivot":{"x":5.960464477539063e-8,"y":0.869835615158081,"z":0.008967667818069458},"rotation":{"x":-0.016800809651613237,"y":-0.03089355118572712,"z":0.0005194908590056002,"w":-0.9993820786476135},"size":1.2088127136230469,"orthographic":false}